<annotation verified="yes">
	<folder>images</folder>
	<filename>image6.jpg</filename>
	<path>C:\Users\CX\Desktop\images\images\image6.jpg</path>
	<source>
		<database>Unknown</database>
	</source>
	<size>
		<width>740</width>
		<height>494</height>
		<depth>3</depth>
	</size>
	<segmented>0</segmented>
	<object>
		<name>wall</name>
		<pose>Unspecified</pose>
		<truncated>0</truncated>
		<difficult>0</difficult>
		<bndbox>
			<xmin>401</xmin>
			<ymin>95</ymin>
			<xmax>656</xmax>
			<ymax>395</ymax>
		</bndbox>
	</object>
	<object>
		<name>wall</name>
		<pose>Unspecified</pose>
		<truncated>1</truncated>
		<difficult>0</difficult>
		<bndbox>
			<xmin>1</xmin>
			<ymin>1</ymin>
			<xmax>401</xmax>
			<ymax>494</ymax>
		</bndbox>
	</object>
	<object>
		<name>door</name>
		<pose>Unspecified</pose>
		<truncated>0</truncated>
		<difficult>0</difficult>
		<bndbox>
			<xmin>343</xmin>
			<ymin>175</ymin>
			<xmax>396</xmax>
			<ymax>370</ymax>
		</bndbox>
	</object>
	<object>
		<name>door</name>
		<pose>Unspecified</pose>
		<truncated>0</truncated>
		<difficult>0</difficult>
		<bndbox>
			<xmin>459</xmin>
			<ymin>176</ymin>
			<xmax>530</xmax>
			<ymax>367</ymax>
		</bndbox>
	</object>
	<object>
		<name>door</name>
		<pose>Unspecified</pose>
		<truncated>1</truncated>
		<difficult>0</difficult>
		<bndbox>
			<xmin>1</xmin>
			<ymin>120</ymin>
			<xmax>104</xmax>
			<ymax>494</ymax>
		</bndbox>
	</object>
</annotation>
