<annotation verified="yes">
	<folder>images</folder>
	<filename>image18.jpg</filename>
	<path>C:\Users\CX\Desktop\images\images\image18.jpg</path>
	<source>
		<database>Unknown</database>
	</source>
	<size>
		<width>673</width>
		<height>454</height>
		<depth>3</depth>
	</size>
	<segmented>0</segmented>
	<object>
		<name>wall</name>
		<pose>Unspecified</pose>
		<truncated>0</truncated>
		<difficult>0</difficult>
		<bndbox>
			<xmin>90</xmin>
			<ymin>71</ymin>
			<xmax>591</xmax>
			<ymax>396</ymax>
		</bndbox>
	</object>
	<object>
		<name>wall</name>
		<pose>Unspecified</pose>
		<truncated>1</truncated>
		<difficult>0</difficult>
		<bndbox>
			<xmin>591</xmin>
			<ymin>1</ymin>
			<xmax>673</xmax>
			<ymax>442</ymax>
		</bndbox>
	</object>
	<object>
		<name>wall</name>
		<pose>Unspecified</pose>
		<truncated>1</truncated>
		<difficult>0</difficult>
		<bndbox>
			<xmin>1</xmin>
			<ymin>2</ymin>
			<xmax>91</xmax>
			<ymax>454</ymax>
		</bndbox>
	</object>
	<object>
		<name>window</name>
		<pose>Unspecified</pose>
		<truncated>1</truncated>
		<difficult>0</difficult>
		<bndbox>
			<xmin>612</xmin>
			<ymin>114</ymin>
			<xmax>673</xmax>
			<ymax>309</ymax>
		</bndbox>
	</object>
	<object>
		<name>pillar</name>
		<pose>Unspecified</pose>
		<truncated>0</truncated>
		<difficult>0</difficult>
		<bndbox>
			<xmin>472</xmin>
			<ymin>33</ymin>
			<xmax>505</xmax>
			<ymax>428</ymax>
		</bndbox>
	</object>
</annotation>
