<annotation verified="yes">
	<folder>images</folder>
	<filename>image20.jpg</filename>
	<path>C:\Users\CX\Desktop\images\images\image20.jpg</path>
	<source>
		<database>Unknown</database>
	</source>
	<size>
		<width>1200</width>
		<height>1200</height>
		<depth>3</depth>
	</size>
	<segmented>0</segmented>
	<object>
		<name>corner</name>
		<pose>Unspecified</pose>
		<truncated>0</truncated>
		<difficult>0</difficult>
		<bndbox>
			<xmin>659</xmin>
			<ymin>341</ymin>
			<xmax>700</xmax>
			<ymax>832</ymax>
		</bndbox>
	</object>
	<object>
		<name>door</name>
		<pose>Unspecified</pose>
		<truncated>0</truncated>
		<difficult>0</difficult>
		<bndbox>
			<xmin>968</xmin>
			<ymin>408</ymin>
			<xmax>1154</xmax>
			<ymax>998</ymax>
		</bndbox>
	</object>
	<object>
		<name>window</name>
		<pose>Unspecified</pose>
		<truncated>0</truncated>
		<difficult>0</difficult>
		<bndbox>
			<xmin>140</xmin>
			<ymin>381</ymin>
			<xmax>573</xmax>
			<ymax>701</ymax>
		</bndbox>
	</object>
</annotation>
