<annotation verified="yes">
	<folder>images</folder>
	<filename>image18.jpg</filename>
	<path>C:\Users\CX\Desktop\images\images\image18.jpg</path>
	<source>
		<database>Unknown</database>
	</source>
	<size>
		<width>673</width>
		<height>454</height>
		<depth>3</depth>
	</size>
	<segmented>0</segmented>
	<object>
		<name>corner</name>
		<pose>Unspecified</pose>
		<truncated>0</truncated>
		<difficult>0</difficult>
		<bndbox>
			<xmin>81</xmin>
			<ymin>66</ymin>
			<xmax>99</xmax>
			<ymax>407</ymax>
		</bndbox>
	</object>
	<object>
		<name>corner</name>
		<pose>Unspecified</pose>
		<truncated>0</truncated>
		<difficult>0</difficult>
		<bndbox>
			<xmin>579</xmin>
			<ymin>77</ymin>
			<xmax>599</xmax>
			<ymax>388</ymax>
		</bndbox>
	</object>
	<object>
		<name>window</name>
		<pose>Unspecified</pose>
		<truncated>1</truncated>
		<difficult>0</difficult>
		<bndbox>
			<xmin>612</xmin>
			<ymin>116</ymin>
			<xmax>673</xmax>
			<ymax>314</ymax>
		</bndbox>
	</object>
	<object>
		<name>pillar</name>
		<pose>Unspecified</pose>
		<truncated>0</truncated>
		<difficult>0</difficult>
		<bndbox>
			<xmin>471</xmin>
			<ymin>32</ymin>
			<xmax>506</xmax>
			<ymax>428</ymax>
		</bndbox>
	</object>
</annotation>
