<annotation>
	<folder>images</folder>
	<filename>image1.jpg</filename>
	<path>C:\Users\CX\Desktop\images\images\image1.jpg</path>
	<source>
		<database>Unknown</database>
	</source>
	<size>
		<width>3648</width>
		<height>2736</height>
		<depth>3</depth>
	</size>
	<segmented>0</segmented>
	<object>
		<name>door</name>
		<pose>Unspecified</pose>
		<truncated>0</truncated>
		<difficult>0</difficult>
		<bndbox>
			<xmin>2542</xmin>
			<ymin>191</ymin>
			<xmax>3530</xmax>
			<ymax>2363</ymax>
		</bndbox>
	</object>
	<object>
		<name>door</name>
		<pose>Unspecified</pose>
		<truncated>0</truncated>
		<difficult>0</difficult>
		<bndbox>
			<xmin>30</xmin>
			<ymin>41</ymin>
			<xmax>752</xmax>
			<ymax>2538</ymax>
		</bndbox>
	</object>
	<object>
		<name>corner</name>
		<pose>Unspecified</pose>
		<truncated>0</truncated>
		<difficult>0</difficult>
		<bndbox>
			<xmin>658</xmin>
			<ymin>179</ymin>
			<xmax>820</xmax>
			<ymax>2224</ymax>
		</bndbox>
	</object>
</annotation>
