<annotation verified="yes">
	<folder>images</folder>
	<filename>image19.jpg</filename>
	<path>C:\Users\CX\Desktop\images\images\image19.jpg</path>
	<source>
		<database>Unknown</database>
	</source>
	<size>
		<width>889</width>
		<height>605</height>
		<depth>3</depth>
	</size>
	<segmented>0</segmented>
	<object>
		<name>corner</name>
		<pose>Unspecified</pose>
		<truncated>0</truncated>
		<difficult>0</difficult>
		<bndbox>
			<xmin>35</xmin>
			<ymin>24</ymin>
			<xmax>49</xmax>
			<ymax>98</ymax>
		</bndbox>
	</object>
	<object>
		<name>corner</name>
		<pose>Unspecified</pose>
		<truncated>0</truncated>
		<difficult>0</difficult>
		<bndbox>
			<xmin>765</xmin>
			<ymin>24</ymin>
			<xmax>786</xmax>
			<ymax>440</ymax>
		</bndbox>
	</object>
	<object>
		<name>door</name>
		<pose>Unspecified</pose>
		<truncated>0</truncated>
		<difficult>0</difficult>
		<bndbox>
			<xmin>44</xmin>
			<ymin>86</ymin>
			<xmax>184</xmax>
			<ymax>441</ymax>
		</bndbox>
	</object>
	<object>
		<name>window</name>
		<pose>Unspecified</pose>
		<truncated>0</truncated>
		<difficult>0</difficult>
		<bndbox>
			<xmin>788</xmin>
			<ymin>28</ymin>
			<xmax>870</xmax>
			<ymax>292</ymax>
		</bndbox>
	</object>
</annotation>
