<annotation>
	<folder>images</folder>
	<filename>image15.jpg</filename>
	<path>C:\Users\CX\Desktop\images\images\image15.jpg</path>
	<source>
		<database>Unknown</database>
	</source>
	<size>
		<width>537</width>
		<height>322</height>
		<depth>3</depth>
	</size>
	<segmented>0</segmented>
	<object>
		<name>corner</name>
		<pose>Unspecified</pose>
		<truncated>0</truncated>
		<difficult>0</difficult>
		<bndbox>
			<xmin>110</xmin>
			<ymin>61</ymin>
			<xmax>123</xmax>
			<ymax>265</ymax>
		</bndbox>
	</object>
	<object>
		<name>corner</name>
		<pose>Unspecified</pose>
		<truncated>0</truncated>
		<difficult>0</difficult>
		<bndbox>
			<xmin>451</xmin>
			<ymin>61</ymin>
			<xmax>469</xmax>
			<ymax>267</ymax>
		</bndbox>
	</object>
	<object>
		<name>window</name>
		<pose>Unspecified</pose>
		<truncated>0</truncated>
		<difficult>0</difficult>
		<bndbox>
			<xmin>7</xmin>
			<ymin>21</ymin>
			<xmax>91</xmax>
			<ymax>252</ymax>
		</bndbox>
	</object>
</annotation>
