<annotation verified="yes">
	<folder>images</folder>
	<filename>image5.jpg</filename>
	<path>C:\Users\CX\Desktop\images\images\image5.jpg</path>
	<source>
		<database>Unknown</database>
	</source>
	<size>
		<width>472</width>
		<height>354</height>
		<depth>3</depth>
	</size>
	<segmented>0</segmented>
	<object>
		<name>corner</name>
		<pose>Unspecified</pose>
		<truncated>0</truncated>
		<difficult>0</difficult>
		<bndbox>
			<xmin>200</xmin>
			<ymin>82</ymin>
			<xmax>212</xmax>
			<ymax>200</ymax>
		</bndbox>
	</object>
	<object>
		<name>window</name>
		<pose>Unspecified</pose>
		<truncated>0</truncated>
		<difficult>0</difficult>
		<bndbox>
			<xmin>227</xmin>
			<ymin>80</ymin>
			<xmax>281</xmax>
			<ymax>167</ymax>
		</bndbox>
	</object>
	<object>
		<name>window</name>
		<pose>Unspecified</pose>
		<truncated>0</truncated>
		<difficult>0</difficult>
		<bndbox>
			<xmin>351</xmin>
			<ymin>58</ymin>
			<xmax>464</xmax>
			<ymax>182</ymax>
		</bndbox>
	</object>
</annotation>
