<annotation verified="yes">
	<folder>images</folder>
	<filename>image2.jpg</filename>
	<path>C:\Users\CX\Desktop\images\images\image2.jpg</path>
	<source>
		<database>Unknown</database>
	</source>
	<size>
		<width>958</width>
		<height>480</height>
		<depth>3</depth>
	</size>
	<segmented>0</segmented>
	<object>
		<name>window</name>
		<pose>Unspecified</pose>
		<truncated>0</truncated>
		<difficult>0</difficult>
		<bndbox>
			<xmin>442</xmin>
			<ymin>132</ymin>
			<xmax>670</xmax>
			<ymax>351</ymax>
		</bndbox>
	</object>
	<object>
		<name>corner</name>
		<pose>Unspecified</pose>
		<truncated>0</truncated>
		<difficult>0</difficult>
		<bndbox>
			<xmin>214</xmin>
			<ymin>97</ymin>
			<xmax>242</xmax>
			<ymax>430</ymax>
		</bndbox>
	</object>
	<object>
		<name>corner</name>
		<pose>Unspecified</pose>
		<truncated>0</truncated>
		<difficult>0</difficult>
		<bndbox>
			<xmin>731</xmin>
			<ymin>97</ymin>
			<xmax>759</xmax>
			<ymax>429</ymax>
		</bndbox>
	</object>
</annotation>
