<annotation>
	<folder>Aug_images</folder>
	<filename>image_aug49.xml</filename>
	<path>/content/image_aug49.xml</path>
	<source>
		<database>Unknown</database>
	</source>
	<size>
		<width>958</width>
		<height>480</height>
		<depth>3</depth>
	</size>
	<segmented>0</segmented>
	<object>
		<name>window</name>
		<pose>Unspecified</pose>
		<truncated>0</truncated>
		<difficult>0</difficult>
		<bndbox>
			<xmin>316</xmin>
			<ymin>128</ymin>
			<xmax>552</xmax>
			<ymax>355</ymax>
		</bndbox>
	</object>
	<object>
		<name>corner</name>
		<pose>Unspecified</pose>
		<truncated>0</truncated>
		<difficult>0</difficult>
		<bndbox>
			<xmin>751</xmin>
			<ymin>89</ymin>
			<xmax>785</xmax>
			<ymax>428</ymax>
		</bndbox>
	</object>
	<object>
		<name>corner</name>
		<pose>Unspecified</pose>
		<truncated>0</truncated>
		<difficult>0</difficult>
		<bndbox>
			<xmin>225</xmin>
			<ymin>98</ymin>
			<xmax>259</xmax>
			<ymax>436</ymax>
		</bndbox>
	</object>
</annotation>