<annotation>
	<folder>Aug_images</folder>
	<filename>image_aug52.xml</filename>
	<path>/content/image_aug52.xml</path>
	<source>
		<database>Unknown</database>
	</source>
	<size>
		<width>750</width>
		<height>937</height>
		<depth>3</depth>
	</size>
	<segmented>0</segmented>
	<object>
		<name>window</name>
		<pose>Unspecified</pose>
		<truncated>0</truncated>
		<difficult>0</difficult>
		<bndbox>
			<xmin>2</xmin>
			<ymin>220</ymin>
			<xmax>116</xmax>
			<ymax>673</ymax>
		</bndbox>
	</object>
	<object>
		<name>window</name>
		<pose>Unspecified</pose>
		<truncated>0</truncated>
		<difficult>0</difficult>
		<bndbox>
			<xmin>193</xmin>
			<ymin>231</ymin>
			<xmax>333</xmax>
			<ymax>650</ymax>
		</bndbox>
	</object>
	<object>
		<name>corner</name>
		<pose>Unspecified</pose>
		<truncated>0</truncated>
		<difficult>0</difficult>
		<bndbox>
			<xmin>534</xmin>
			<ymin>228</ymin>
			<xmax>562</xmax>
			<ymax>539</ymax>
		</bndbox>
	</object>
	<object>
		<name>pillar</name>
		<pose>Unspecified</pose>
		<truncated>0</truncated>
		<difficult>0</difficult>
		<bndbox>
			<xmin>316</xmin>
			<ymin>20</ymin>
			<xmax>544</xmax>
			<ymax>927</ymax>
		</bndbox>
	</object>
</annotation>