<annotation>
	<folder>Aug_images</folder>
	<filename>image_aug20.xml</filename>
	<path>/content/image_aug20.xml</path>
	<source>
		<database>Unknown</database>
	</source>
	<size>
		<width>537</width>
		<height>322</height>
		<depth>3</depth>
	</size>
	<segmented>0</segmented>
	<object>
		<name>corner</name>
		<pose>Unspecified</pose>
		<truncated>0</truncated>
		<difficult>0</difficult>
		<bndbox>
			<xmin>406</xmin>
			<ymin>43</ymin>
			<xmax>422</xmax>
			<ymax>284</ymax>
		</bndbox>
	</object>
	<object>
		<name>corner</name>
		<pose>Unspecified</pose>
		<truncated>0</truncated>
		<difficult>0</difficult>
		<bndbox>
			<xmin>0</xmin>
			<ymin>41</ymin>
			<xmax>19</xmax>
			<ymax>284</ymax>
		</bndbox>
	</object>
	<object>
		<name>window</name>
		<pose>Unspecified</pose>
		<truncated>0</truncated>
		<difficult>0</difficult>
		<bndbox>
			<xmin>444</xmin>
			<ymin>0</ymin>
			<xmax>537</xmax>
			<ymax>269</ymax>
		</bndbox>
	</object>
</annotation>