<annotation>
	<folder>Aug_images</folder>
	<filename>image_aug13.xml</filename>
	<path>/content/image_aug13.xml</path>
	<source>
		<database>Unknown</database>
	</source>
	<size>
		<width>400</width>
		<height>266</height>
		<depth>3</depth>
	</size>
	<segmented>0</segmented>
	<object>
		<name>corner</name>
		<pose>Unspecified</pose>
		<truncated>0</truncated>
		<difficult>0</difficult>
		<bndbox>
			<xmin>204</xmin>
			<ymin>23</ymin>
			<xmax>219</xmax>
			<ymax>185</ymax>
		</bndbox>
	</object>
	<object>
		<name>window</name>
		<pose>Unspecified</pose>
		<truncated>0</truncated>
		<difficult>0</difficult>
		<bndbox>
			<xmin>244</xmin>
			<ymin>30</ymin>
			<xmax>314</xmax>
			<ymax>150</ymax>
		</bndbox>
	</object>
	<object>
		<name>window</name>
		<pose>Unspecified</pose>
		<truncated>0</truncated>
		<difficult>0</difficult>
		<bndbox>
			<xmin>367</xmin>
			<ymin>4</ymin>
			<xmax>400</xmax>
			<ymax>156</ymax>
		</bndbox>
	</object>
</annotation>