<annotation>
	<folder>Aug_images</folder>
	<filename>image_aug17.xml</filename>
	<path>/content/image_aug17.xml</path>
	<source>
		<database>Unknown</database>
	</source>
	<size>
		<width>1200</width>
		<height>1200</height>
		<depth>3</depth>
	</size>
	<segmented>0</segmented>
	<object>
		<name>corner</name>
		<pose>Unspecified</pose>
		<truncated>0</truncated>
		<difficult>0</difficult>
		<bndbox>
			<xmin>621</xmin>
			<ymin>364</ymin>
			<xmax>676</xmax>
			<ymax>814</ymax>
		</bndbox>
	</object>
	<object>
		<name>door</name>
		<pose>Unspecified</pose>
		<truncated>0</truncated>
		<difficult>0</difficult>
		<bndbox>
			<xmin>897</xmin>
			<ymin>437</ymin>
			<xmax>1088</xmax>
			<ymax>982</ymax>
		</bndbox>
	</object>
	<object>
		<name>window</name>
		<pose>Unspecified</pose>
		<truncated>0</truncated>
		<difficult>0</difficult>
		<bndbox>
			<xmin>152</xmin>
			<ymin>382</ymin>
			<xmax>559</xmax>
			<ymax>690</ymax>
		</bndbox>
	</object>
</annotation>