<annotation>
	<folder>Aug_images</folder>
	<filename>image_aug32.xml</filename>
	<path>/content/image_aug32.xml</path>
	<source>
		<database>Unknown</database>
	</source>
	<size>
		<width>3648</width>
		<height>2736</height>
		<depth>3</depth>
	</size>
	<segmented>0</segmented>
	<object>
		<name>door</name>
		<pose>Unspecified</pose>
		<truncated>0</truncated>
		<difficult>0</difficult>
		<bndbox>
			<xmin>2331</xmin>
			<ymin>283</ymin>
			<xmax>3362</xmax>
			<ymax>2378</ymax>
		</bndbox>
	</object>
	<object>
		<name>door</name>
		<pose>Unspecified</pose>
		<truncated>0</truncated>
		<difficult>0</difficult>
		<bndbox>
			<xmin>0</xmin>
			<ymin>27</ymin>
			<xmax>747</xmax>
			<ymax>2417</ymax>
		</bndbox>
	</object>
	<object>
		<name>corner</name>
		<pose>Unspecified</pose>
		<truncated>0</truncated>
		<difficult>0</difficult>
		<bndbox>
			<xmin>559</xmin>
			<ymin>186</ymin>
			<xmax>805</xmax>
			<ymax>2124</ymax>
		</bndbox>
	</object>
</annotation>