<annotation>
	<folder>Aug_images</folder>
	<filename>image_aug29.xml</filename>
	<path>/content/image_aug29.xml</path>
	<source>
		<database>Unknown</database>
	</source>
	<size>
		<width>889</width>
		<height>605</height>
		<depth>3</depth>
	</size>
	<segmented>0</segmented>
	<object>
		<name>corner</name>
		<pose>Unspecified</pose>
		<truncated>0</truncated>
		<difficult>0</difficult>
		<bndbox>
			<xmin>703</xmin>
			<ymin>70</ymin>
			<xmax>715</xmax>
			<ymax>132</ymax>
		</bndbox>
	</object>
	<object>
		<name>corner</name>
		<pose>Unspecified</pose>
		<truncated>0</truncated>
		<difficult>0</difficult>
		<bndbox>
			<xmin>87</xmin>
			<ymin>69</ymin>
			<xmax>105</xmax>
			<ymax>416</ymax>
		</bndbox>
	</object>
	<object>
		<name>door</name>
		<pose>Unspecified</pose>
		<truncated>0</truncated>
		<difficult>0</difficult>
		<bndbox>
			<xmin>590</xmin>
			<ymin>121</ymin>
			<xmax>707</xmax>
			<ymax>418</ymax>
		</bndbox>
	</object>
	<object>
		<name>window</name>
		<pose>Unspecified</pose>
		<truncated>0</truncated>
		<difficult>0</difficult>
		<bndbox>
			<xmin>17</xmin>
			<ymin>72</ymin>
			<xmax>86</xmax>
			<ymax>293</ymax>
		</bndbox>
	</object>
</annotation>