<annotation>
	<folder>Aug_images</folder>
	<filename>image_aug51.xml</filename>
	<path>/content/image_aug51.xml</path>
	<source>
		<database>Unknown</database>
	</source>
	<size>
		<width>958</width>
		<height>480</height>
		<depth>3</depth>
	</size>
	<segmented>0</segmented>
	<object>
		<name>window</name>
		<pose>Unspecified</pose>
		<truncated>0</truncated>
		<difficult>0</difficult>
		<bndbox>
			<xmin>348</xmin>
			<ymin>124</ymin>
			<xmax>592</xmax>
			<ymax>359</ymax>
		</bndbox>
	</object>
	<object>
		<name>corner</name>
		<pose>Unspecified</pose>
		<truncated>0</truncated>
		<difficult>0</difficult>
		<bndbox>
			<xmin>774</xmin>
			<ymin>73</ymin>
			<xmax>826</xmax>
			<ymax>408</ymax>
		</bndbox>
	</object>
	<object>
		<name>corner</name>
		<pose>Unspecified</pose>
		<truncated>0</truncated>
		<difficult>0</difficult>
		<bndbox>
			<xmin>257</xmin>
			<ymin>109</ymin>
			<xmax>308</xmax>
			<ymax>444</ymax>
		</bndbox>
	</object>
</annotation>