<annotation>
	<folder>Aug_images</folder>
	<filename>image_aug8.xml</filename>
	<path>/content/image_aug8.xml</path>
	<source>
		<database>Unknown</database>
	</source>
	<size>
		<width>889</width>
		<height>605</height>
		<depth>3</depth>
	</size>
	<segmented>0</segmented>
	<object>
		<name>corner</name>
		<pose>Unspecified</pose>
		<truncated>0</truncated>
		<difficult>0</difficult>
		<bndbox>
			<xmin>72</xmin>
			<ymin>0</ymin>
			<xmax>92</xmax>
			<ymax>60</ymax>
		</bndbox>
	</object>
	<object>
		<name>corner</name>
		<pose>Unspecified</pose>
		<truncated>0</truncated>
		<difficult>0</difficult>
		<bndbox>
			<xmin>837</xmin>
			<ymin>26</ymin>
			<xmax>886</xmax>
			<ymax>475</ymax>
		</bndbox>
	</object>
	<object>
		<name>door</name>
		<pose>Unspecified</pose>
		<truncated>0</truncated>
		<difficult>0</difficult>
		<bndbox>
			<xmin>61</xmin>
			<ymin>47</ymin>
			<xmax>234</xmax>
			<ymax>438</ymax>
		</bndbox>
	</object>
	<object>
		<name>window</name>
		<pose>Unspecified</pose>
		<truncated>0</truncated>
		<difficult>0</difficult>
		<bndbox>
			<xmin>871</xmin>
			<ymin>31</ymin>
			<xmax>889</xmax>
			<ymax>321</ymax>
		</bndbox>
	</object>
</annotation>