<annotation>
	<folder>Aug_images</folder>
	<filename>image_aug55.xml</filename>
	<path>/content/image_aug55.xml</path>
	<source>
		<database>Unknown</database>
	</source>
	<size>
		<width>740</width>
		<height>494</height>
		<depth>3</depth>
	</size>
	<segmented>0</segmented>
	<object>
		<name>corner</name>
		<pose>Unspecified</pose>
		<truncated>0</truncated>
		<difficult>0</difficult>
		<bndbox>
			<xmin>347</xmin>
			<ymin>150</ymin>
			<xmax>370</xmax>
			<ymax>330</ymax>
		</bndbox>
	</object>
	<object>
		<name>door</name>
		<pose>Unspecified</pose>
		<truncated>0</truncated>
		<difficult>0</difficult>
		<bndbox>
			<xmin>405</xmin>
			<ymin>178</ymin>
			<xmax>477</xmax>
			<ymax>346</ymax>
		</bndbox>
	</object>
	<object>
		<name>door</name>
		<pose>Unspecified</pose>
		<truncated>0</truncated>
		<difficult>0</difficult>
		<bndbox>
			<xmin>306</xmin>
			<ymin>183</ymin>
			<xmax>367</xmax>
			<ymax>354</ymax>
		</bndbox>
	</object>
	<object>
		<name>door</name>
		<pose>Unspecified</pose>
		<truncated>0</truncated>
		<difficult>0</difficult>
		<bndbox>
			<xmin>11</xmin>
			<ymin>160</ymin>
			<xmax>123</xmax>
			<ymax>483</ymax>
		</bndbox>
	</object>
	<object>
		<name>corner</name>
		<pose>Unspecified</pose>
		<truncated>0</truncated>
		<difficult>0</difficult>
		<bndbox>
			<xmin>552</xmin>
			<ymin>95</ymin>
			<xmax>591</xmax>
			<ymax>362</ymax>
		</bndbox>
	</object>
</annotation>