<annotation>
	<folder>Aug_images</folder>
	<filename>image_aug7.xml</filename>
	<path>/content/image_aug7.xml</path>
	<source>
		<database>Unknown</database>
	</source>
	<size>
		<width>537</width>
		<height>322</height>
		<depth>3</depth>
	</size>
	<segmented>0</segmented>
	<object>
		<name>corner</name>
		<pose>Unspecified</pose>
		<truncated>0</truncated>
		<difficult>0</difficult>
		<bndbox>
			<xmin>453</xmin>
			<ymin>58</ymin>
			<xmax>477</xmax>
			<ymax>284</ymax>
		</bndbox>
	</object>
	<object>
		<name>corner</name>
		<pose>Unspecified</pose>
		<truncated>0</truncated>
		<difficult>0</difficult>
		<bndbox>
			<xmin>71</xmin>
			<ymin>42</ymin>
			<xmax>101</xmax>
			<ymax>270</ymax>
		</bndbox>
	</object>
	<object>
		<name>window</name>
		<pose>Unspecified</pose>
		<truncated>0</truncated>
		<difficult>0</difficult>
		<bndbox>
			<xmin>489</xmin>
			<ymin>16</ymin>
			<xmax>537</xmax>
			<ymax>275</ymax>
		</bndbox>
	</object>
</annotation>