<annotation>
	<folder>Aug_images</folder>
	<filename>image_aug3.xml</filename>
	<path>/content/image_aug3.xml</path>
	<source>
		<database>Unknown</database>
	</source>
	<size>
		<width>1200</width>
		<height>1200</height>
		<depth>3</depth>
	</size>
	<segmented>0</segmented>
	<object>
		<name>corner</name>
		<pose>Unspecified</pose>
		<truncated>0</truncated>
		<difficult>0</difficult>
		<bndbox>
			<xmin>371</xmin>
			<ymin>350</ymin>
			<xmax>432</xmax>
			<ymax>839</ymax>
		</bndbox>
	</object>
	<object>
		<name>door</name>
		<pose>Unspecified</pose>
		<truncated>0</truncated>
		<difficult>0</difficult>
		<bndbox>
			<xmin>0</xmin>
			<ymin>429</ymin>
			<xmax>133</xmax>
			<ymax>1022</ymax>
		</bndbox>
	</object>
	<object>
		<name>window</name>
		<pose>Unspecified</pose>
		<truncated>0</truncated>
		<difficult>0</difficult>
		<bndbox>
			<xmin>499</xmin>
			<ymin>368</ymin>
			<xmax>942</xmax>
			<ymax>704</ymax>
		</bndbox>
	</object>
</annotation>