<annotation>
	<folder>Aug_images</folder>
	<filename>image_aug28.xml</filename>
	<path>/content/image_aug28.xml</path>
	<source>
		<database>Unknown</database>
	</source>
	<size>
		<width>400</width>
		<height>266</height>
		<depth>3</depth>
	</size>
	<segmented>0</segmented>
	<object>
		<name>corner</name>
		<pose>Unspecified</pose>
		<truncated>0</truncated>
		<difficult>0</difficult>
		<bndbox>
			<xmin>172</xmin>
			<ymin>41</ymin>
			<xmax>193</xmax>
			<ymax>174</ymax>
		</bndbox>
	</object>
	<object>
		<name>window</name>
		<pose>Unspecified</pose>
		<truncated>0</truncated>
		<difficult>0</difficult>
		<bndbox>
			<xmin>206</xmin>
			<ymin>49</ymin>
			<xmax>270</xmax>
			<ymax>150</ymax>
		</bndbox>
	</object>
	<object>
		<name>window</name>
		<pose>Unspecified</pose>
		<truncated>0</truncated>
		<difficult>0</difficult>
		<bndbox>
			<xmin>306</xmin>
			<ymin>35</ymin>
			<xmax>386</xmax>
			<ymax>164</ymax>
		</bndbox>
	</object>
</annotation>