<annotation>
	<folder>Aug_images</folder>
	<filename>image_aug27.xml</filename>
	<path>/content/image_aug27.xml</path>
	<source>
		<database>Unknown</database>
	</source>
	<size>
		<width>400</width>
		<height>266</height>
		<depth>3</depth>
	</size>
	<segmented>0</segmented>
	<object>
		<name>corner</name>
		<pose>Unspecified</pose>
		<truncated>0</truncated>
		<difficult>0</difficult>
		<bndbox>
			<xmin>192</xmin>
			<ymin>49</ymin>
			<xmax>212</xmax>
			<ymax>172</ymax>
		</bndbox>
	</object>
	<object>
		<name>window</name>
		<pose>Unspecified</pose>
		<truncated>0</truncated>
		<difficult>0</difficult>
		<bndbox>
			<xmin>222</xmin>
			<ymin>47</ymin>
			<xmax>282</xmax>
			<ymax>142</ymax>
		</bndbox>
	</object>
	<object>
		<name>window</name>
		<pose>Unspecified</pose>
		<truncated>0</truncated>
		<difficult>0</difficult>
		<bndbox>
			<xmin>314</xmin>
			<ymin>17</ymin>
			<xmax>388</xmax>
			<ymax>137</ymax>
		</bndbox>
	</object>
</annotation>