<annotation>
	<folder>Aug_images</folder>
	<filename>image_aug15.xml</filename>
	<path>/content/image_aug15.xml</path>
	<source>
		<database>Unknown</database>
	</source>
	<size>
		<width>3648</width>
		<height>2736</height>
		<depth>3</depth>
	</size>
	<segmented>0</segmented>
	<object>
		<name>door</name>
		<pose>Unspecified</pose>
		<truncated>0</truncated>
		<difficult>0</difficult>
		<bndbox>
			<xmin>0</xmin>
			<ymin>88</ymin>
			<xmax>857</xmax>
			<ymax>2470</ymax>
		</bndbox>
	</object>
	<object>
		<name>door</name>
		<pose>Unspecified</pose>
		<truncated>0</truncated>
		<difficult>0</difficult>
		<bndbox>
			<xmin>2795</xmin>
			<ymin>0</ymin>
			<xmax>3604</xmax>
			<ymax>2639</ymax>
		</bndbox>
	</object>
	<object>
		<name>corner</name>
		<pose>Unspecified</pose>
		<truncated>0</truncated>
		<difficult>0</difficult>
		<bndbox>
			<xmin>2722</xmin>
			<ymin>60</ymin>
			<xmax>2915</xmax>
			<ymax>2296</ymax>
		</bndbox>
	</object>
</annotation>