<annotation>
	<folder>Aug_images</folder>
	<filename>image_aug50.xml</filename>
	<path>/content/image_aug50.xml</path>
	<source>
		<database>Unknown</database>
	</source>
	<size>
		<width>889</width>
		<height>605</height>
		<depth>3</depth>
	</size>
	<segmented>0</segmented>
	<object>
		<name>corner</name>
		<pose>Unspecified</pose>
		<truncated>0</truncated>
		<difficult>0</difficult>
		<bndbox>
			<xmin>952</xmin>
			<ymin>34</ymin>
			<xmax>889</xmax>
			<ymax>113</ymax>
		</bndbox>
	</object>
	<object>
		<name>corner</name>
		<pose>Unspecified</pose>
		<truncated>0</truncated>
		<difficult>0</difficult>
		<bndbox>
			<xmin>151</xmin>
			<ymin>0</ymin>
			<xmax>197</xmax>
			<ymax>433</ymax>
		</bndbox>
	</object>
	<object>
		<name>door</name>
		<pose>Unspecified</pose>
		<truncated>0</truncated>
		<difficult>0</difficult>
		<bndbox>
			<xmin>789</xmin>
			<ymin>92</ymin>
			<xmax>889</xmax>
			<ymax>476</ymax>
		</bndbox>
	</object>
	<object>
		<name>window</name>
		<pose>Unspecified</pose>
		<truncated>0</truncated>
		<difficult>0</difficult>
		<bndbox>
			<xmin>70</xmin>
			<ymin>0</ymin>
			<xmax>173</xmax>
			<ymax>275</ymax>
		</bndbox>
	</object>
</annotation>