<annotation>
	<folder>Aug_images</folder>
	<filename>image_aug9.xml</filename>
	<path>/content/image_aug9.xml</path>
	<source>
		<database>Unknown</database>
	</source>
	<size>
		<width>800</width>
		<height>600</height>
		<depth>3</depth>
	</size>
	<segmented>0</segmented>
	<object>
		<name>window</name>
		<pose>Unspecified</pose>
		<truncated>0</truncated>
		<difficult>0</difficult>
		<bndbox>
			<xmin>385</xmin>
			<ymin>117</ymin>
			<xmax>574</xmax>
			<ymax>367</ymax>
		</bndbox>
	</object>
	<object>
		<name>window</name>
		<pose>Unspecified</pose>
		<truncated>0</truncated>
		<difficult>0</difficult>
		<bndbox>
			<xmin>111</xmin>
			<ymin>135</ymin>
			<xmax>307</xmax>
			<ymax>384</ymax>
		</bndbox>
	</object>
	<object>
		<name>window</name>
		<pose>Unspecified</pose>
		<truncated>0</truncated>
		<difficult>0</difficult>
		<bndbox>
			<xmin>637</xmin>
			<ymin>93</ymin>
			<xmax>800</xmax>
			<ymax>340</ymax>
		</bndbox>
	</object>
	<object>
		<name>corner</name>
		<pose>Unspecified</pose>
		<truncated>0</truncated>
		<difficult>0</difficult>
		<bndbox>
			<xmin>82</xmin>
			<ymin>117</ymin>
			<xmax>130</xmax>
			<ymax>486</ymax>
		</bndbox>
	</object>
	<object>
		<name>corner</name>
		<pose>Unspecified</pose>
		<truncated>0</truncated>
		<difficult>0</difficult>
		<bndbox>
			<xmin>808</xmin>
			<ymin>66</ymin>
			<xmax>800</xmax>
			<ymax>425</ymax>
		</bndbox>
	</object>
</annotation>