<annotation>
	<folder>Aug_images</folder>
	<filename>image_aug34.xml</filename>
	<path>/content/image_aug34.xml</path>
	<source>
		<database>Unknown</database>
	</source>
	<size>
		<width>1200</width>
		<height>1200</height>
		<depth>3</depth>
	</size>
	<segmented>0</segmented>
	<object>
		<name>corner</name>
		<pose>Unspecified</pose>
		<truncated>0</truncated>
		<difficult>0</difficult>
		<bndbox>
			<xmin>405</xmin>
			<ymin>330</ymin>
			<xmax>478</xmax>
			<ymax>857</ymax>
		</bndbox>
	</object>
	<object>
		<name>door</name>
		<pose>Unspecified</pose>
		<truncated>0</truncated>
		<difficult>0</difficult>
		<bndbox>
			<xmin>0</xmin>
			<ymin>420</ymin>
			<xmax>158</xmax>
			<ymax>1061</ymax>
		</bndbox>
	</object>
	<object>
		<name>window</name>
		<pose>Unspecified</pose>
		<truncated>0</truncated>
		<difficult>0</difficult>
		<bndbox>
			<xmin>543</xmin>
			<ymin>343</ymin>
			<xmax>1024</xmax>
			<ymax>710</ymax>
		</bndbox>
	</object>
</annotation>