<annotation>
	<folder>Aug_images</folder>
	<filename>image_aug33.xml</filename>
	<path>/content/image_aug33.xml</path>
	<source>
		<database>Unknown</database>
	</source>
	<size>
		<width>690</width>
		<height>459</height>
		<depth>3</depth>
	</size>
	<segmented>0</segmented>
	<object>
		<name>window</name>
		<pose>Unspecified</pose>
		<truncated>0</truncated>
		<difficult>0</difficult>
		<bndbox>
			<xmin>466</xmin>
			<ymin>187</ymin>
			<xmax>547</xmax>
			<ymax>289</ymax>
		</bndbox>
	</object>
	<object>
		<name>door</name>
		<pose>Unspecified</pose>
		<truncated>0</truncated>
		<difficult>0</difficult>
		<bndbox>
			<xmin>223</xmin>
			<ymin>152</ymin>
			<xmax>408</xmax>
			<ymax>333</ymax>
		</bndbox>
	</object>
	<object>
		<name>corner</name>
		<pose>Unspecified</pose>
		<truncated>0</truncated>
		<difficult>0</difficult>
		<bndbox>
			<xmin>541</xmin>
			<ymin>187</ymin>
			<xmax>572</xmax>
			<ymax>328</ymax>
		</bndbox>
	</object>
	<object>
		<name>corner</name>
		<pose>Unspecified</pose>
		<truncated>0</truncated>
		<difficult>0</difficult>
		<bndbox>
			<xmin>658</xmin>
			<ymin>143</ymin>
			<xmax>690</xmax>
			<ymax>428</ymax>
		</bndbox>
	</object>
	<object>
		<name>corner</name>
		<pose>Unspecified</pose>
		<truncated>0</truncated>
		<difficult>0</difficult>
		<bndbox>
			<xmin>677</xmin>
			<ymin>145</ymin>
			<xmax>690</xmax>
			<ymax>434</ymax>
		</bndbox>
	</object>
	<object>
		<name>corner</name>
		<pose>Unspecified</pose>
		<truncated>0</truncated>
		<difficult>0</difficult>
		<bndbox>
			<xmin>217</xmin>
			<ymin>143</ymin>
			<xmax>249</xmax>
			<ymax>331</ymax>
		</bndbox>
	</object>
</annotation>