<annotation>
	<folder>Aug_images</folder>
	<filename>image_aug46.xml</filename>
	<path>/content/image_aug46.xml</path>
	<source>
		<database>Unknown</database>
	</source>
	<size>
		<width>750</width>
		<height>937</height>
		<depth>3</depth>
	</size>
	<segmented>0</segmented>
	<object>
		<name>window</name>
		<pose>Unspecified</pose>
		<truncated>0</truncated>
		<difficult>0</difficult>
		<bndbox>
			<xmin>702</xmin>
			<ymin>237</ymin>
			<xmax>750</xmax>
			<ymax>662</ymax>
		</bndbox>
	</object>
	<object>
		<name>window</name>
		<pose>Unspecified</pose>
		<truncated>0</truncated>
		<difficult>0</difficult>
		<bndbox>
			<xmin>498</xmin>
			<ymin>247</ymin>
			<xmax>629</xmax>
			<ymax>641</ymax>
		</bndbox>
	</object>
	<object>
		<name>corner</name>
		<pose>Unspecified</pose>
		<truncated>0</truncated>
		<difficult>0</difficult>
		<bndbox>
			<xmin>284</xmin>
			<ymin>245</ymin>
			<xmax>309</xmax>
			<ymax>536</ymax>
		</bndbox>
	</object>
	<object>
		<name>pillar</name>
		<pose>Unspecified</pose>
		<truncated>0</truncated>
		<difficult>0</difficult>
		<bndbox>
			<xmin>300</xmin>
			<ymin>50</ymin>
			<xmax>514</xmax>
			<ymax>901</ymax>
		</bndbox>
	</object>
</annotation>