<annotation>
	<folder>Aug_images</folder>
	<filename>image_aug59.xml</filename>
	<path>/content/image_aug59.xml</path>
	<source>
		<database>Unknown</database>
	</source>
	<size>
		<width>740</width>
		<height>494</height>
		<depth>3</depth>
	</size>
	<segmented>0</segmented>
	<object>
		<name>corner</name>
		<pose>Unspecified</pose>
		<truncated>0</truncated>
		<difficult>0</difficult>
		<bndbox>
			<xmin>382</xmin>
			<ymin>140</ymin>
			<xmax>409</xmax>
			<ymax>341</ymax>
		</bndbox>
	</object>
	<object>
		<name>door</name>
		<pose>Unspecified</pose>
		<truncated>0</truncated>
		<difficult>0</difficult>
		<bndbox>
			<xmin>263</xmin>
			<ymin>171</ymin>
			<xmax>344</xmax>
			<ymax>357</ymax>
		</bndbox>
	</object>
	<object>
		<name>door</name>
		<pose>Unspecified</pose>
		<truncated>0</truncated>
		<difficult>0</difficult>
		<bndbox>
			<xmin>385</xmin>
			<ymin>178</ymin>
			<xmax>454</xmax>
			<ymax>367</ymax>
		</bndbox>
	</object>
	<object>
		<name>door</name>
		<pose>Unspecified</pose>
		<truncated>0</truncated>
		<difficult>0</difficult>
		<bndbox>
			<xmin>655</xmin>
			<ymin>153</ymin>
			<xmax>740</xmax>
			<ymax>494</ymax>
		</bndbox>
	</object>
	<object>
		<name>corner</name>
		<pose>Unspecified</pose>
		<truncated>0</truncated>
		<difficult>0</difficult>
		<bndbox>
			<xmin>137</xmin>
			<ymin>78</ymin>
			<xmax>182</xmax>
			<ymax>375</ymax>
		</bndbox>
	</object>
</annotation>