<annotation>
	<folder>Aug_images</folder>
	<filename>image_aug5.xml</filename>
	<path>/content/image_aug5.xml</path>
	<source>
		<database>Unknown</database>
	</source>
	<size>
		<width>472</width>
		<height>354</height>
		<depth>3</depth>
	</size>
	<segmented>0</segmented>
	<object>
		<name>corner</name>
		<pose>Unspecified</pose>
		<truncated>0</truncated>
		<difficult>0</difficult>
		<bndbox>
			<xmin>218</xmin>
			<ymin>92</ymin>
			<xmax>236</xmax>
			<ymax>198</ymax>
		</bndbox>
	</object>
	<object>
		<name>window</name>
		<pose>Unspecified</pose>
		<truncated>0</truncated>
		<difficult>0</difficult>
		<bndbox>
			<xmin>242</xmin>
			<ymin>86</ymin>
			<xmax>296</xmax>
			<ymax>167</ymax>
		</bndbox>
	</object>
	<object>
		<name>window</name>
		<pose>Unspecified</pose>
		<truncated>0</truncated>
		<difficult>0</difficult>
		<bndbox>
			<xmin>352</xmin>
			<ymin>56</ymin>
			<xmax>460</xmax>
			<ymax>173</ymax>
		</bndbox>
	</object>
</annotation>